popDensity,unemployRate,medianAge,percentOfPopOver65,medianWorkerEarning,percentOfPopWithBADegreeOrHigher,percentOfPop_passedHighSchool,percentOfPopInEducation,percentOfPopInSciOrEngineering,percentOfPop_WhitePlus,percentOfPop_Black,percentOfPop_AsianPlus,percentOfPop_Other
91.44,1.00,28.80,9.41,40781.00,18.55,84.70,2.86,9.76,30.60,3.00,3.40,76.90
243.07,1.00,35.70,21.28,35262.00,8.45,72.35,2.75,4.28,88.20,0.00,2.90,18.70
701.50,0.50,37.50,19.17,34471.00,25.85,86.16,4.74,9.08,73.20,23.90,3.20,6.80
140.57,0.00,35.20,11.45,26586.00,6.64,65.17,1.28,2.91,74.30,9.50,3.10,19.40
2380.13,0.50,33.50,14.52,38010.00,25.21,83.31,3.08,10.48,75.50,8.40,4.70,19.30
1274.69,0.00,37.20,17.83,35377.00,34.72,87.40,4.05,15.48,52.40,42.90,3.70,5.90
1351.44,0.00,40.10,19.58,97381.00,64.69,93.80,2.41,39.95,47.90,3.30,50.80,7.50
6407.33,1.00,35.80,15.90,32036.00,29.80,78.03,1.50,12.74,55.30,10.00,13.20,29.00
3651.91,0.00,34.60,14.85,46258.00,47.16,90.15,2.56,21.70,79.40,10.70,4.90,12.50
1.18,0.00,38.40,65.70,26020.00,52.59,85.60,16.27,19.79,85.40,6.70,0.60,10.20
2449.47,1.00,39.60,20.04,38073.00,17.19,86.58,2.17,6.34,76.80,15.90,2.70,17.50
4101.47,1.00,35.80,16.78,35477.00,19.88,85.98,2.15,9.03,67.40,23.20,5.00,12.80
879.85,0.00,28.20,24.27,26044.00,12.74,86.55,1.42,6.58,57.60,45.70,2.20,6.40
858.94,0.00,37.20,25.60,35008.00,21.46,82.29,3.38,8.06,69.70,25.80,3.10,15.10
1966.68,0.50,33.90,13.93,31307.00,36.12,91.85,3.28,16.52,63.40,27.00,5.20,11.10
255.28,0.00,31.60,24.31,23928.00,9.86,65.26,2.71,4.00,90.70,12.10,0.90,12.30
2917.07,1.00,33.20,13.86,43826.00,45.00,93.69,2.62,19.06,42.10,53.20,5.10,4.70
317.02,0.50,33.80,8.23,45000.00,21.44,80.50,2.50,6.10,65.50,35.80,2.80,6.60
615.04,0.00,50.10,38.73,32279.00,48.65,96.36,6.15,22.60,89.00,0.20,12.30,30.40
122.44,0.50,42.10,33.41,25089.00,10.67,87.94,3.94,3.71,94.70,0.00,0.00,5.30
2130.77,0.50,37.90,19.48,35022.00,38.07,76.12,3.09,18.65,92.10,2.70,4.50,7.40
9408.92,1.00,34.90,15.88,40088.00,33.84,84.58,2.48,14.02,51.60,31.20,7.40,15.30
1256.34,0.00,42.30,20.40,32383.00,23.60,87.16,7.51,10.82,99.20,0.00,1.40,0.60
1362.87,1.00,36.30,21.97,27099.00,13.69,82.23,2.50,4.73,90.00,6.00,0.60,9.50
1424.62,0.50,35.40,22.19,29949.00,18.18,75.74,4.52,7.09,92.10,4.60,1.70,9.10
495.80,0.50,52.50,32.54,29167.00,14.58,94.58,6.78,4.41,99.40,1.20,0.00,2.40
579.37,0.00,41.60,29.89,35224.00,22.13,87.07,5.72,7.56,97.40,1.40,0.70,3.30
479.70,0.00,43.80,30.00,30729.00,13.85,75.38,4.62,6.92,97.90,7.50,0.00,5.50
1105.65,1.00,37.40,20.47,22401.00,14.13,77.50,3.31,4.17,82.10,14.40,0.90,6.80
1165.29,1.00,47.80,28.72,28235.00,11.77,86.10,2.20,7.09,98.90,0.80,0.00,1.00
1795.47,1.00,36.60,17.29,30923.00,17.13,78.91,2.41,7.39,67.20,26.80,1.10,12.40
911.60,1.00,37.30,18.04,31346.00,32.47,85.44,2.77,13.77,35.60,60.80,3.30,4.10
145.56,0.50,48.90,32.41,31673.00,36.76,93.34,5.44,14.23,97.60,1.70,0.00,3.20
900.69,1.00,40.90,19.99,35224.00,27.64,90.52,2.98,12.54,95.70,4.20,1.80,5.20
2268.56,1.00,23.40,16.88,11105.00,14.85,92.78,3.01,6.32,83.20,15.00,4.20,4.60
1104.40,1.00,27.90,12.74,25414.00,20.03,82.97,2.53,10.16,63.90,31.20,7.30,8.90
6484.54,1.00,32.10,14.18,39592.00,42.70,88.56,1.84,21.34,57.00,28.80,10.70,14.00
685.12,0.50,39.20,19.35,31684.00,45.10,90.71,2.92,20.96,91.20,3.40,6.30,6.30
984.12,1.00,39.90,19.67,25991.00,13.52,83.12,2.63,5.32,90.30,11.00,1.20,5.30
3682.65,1.00,35.00,17.89,25389.00,12.87,77.92,1.71,5.16,16.00,80.00,1.90,6.30
669.00,0.00,53.70,35.72,30438.00,19.13,88.04,7.92,5.98,99.60,0.00,0.60,0.30
832.94,0.00,29.20,21.75,32875.00,22.03,90.40,3.67,9.89,90.30,2.80,1.00,8.00
75.82,0.50,37.30,27.77,24130.00,19.24,83.92,3.87,11.07,44.30,58.30,0.00,3.20
857.63,0.50,31.70,18.87,20553.00,18.87,77.17,7.31,5.53,0.00,99.20,0.00,0.80
758.95,0.00,39.60,19.08,53817.00,43.58,91.63,5.38,17.26,91.70,3.40,3.60,3.80
2085.32,0.50,33.80,15.72,23430.00,37.25,97.37,3.57,17.78,94.90,1.30,3.00,8.80
1994.46,0.00,37.60,22.13,32853.00,30.35,93.58,5.27,12.10,92.70,1.70,1.60,10.50
1383.00,0.00,47.10,29.14,28141.00,18.66,86.55,3.47,9.98,99.00,0.40,1.00,4.40
701.10,0.50,35.00,25.48,26757.00,22.10,91.43,5.68,7.00,98.10,1.40,0.20,3.30
3618.76,1.00,38.10,19.94,32474.00,21.69,83.81,2.71,8.71,66.00,14.10,8.60,21.60
2176.80,0.50,37.60,22.89,34067.00,21.62,88.17,3.62,10.25,81.40,3.50,7.70,17.80
145.33,0.50,42.30,21.67,23187.00,10.77,82.59,2.20,3.75,90.50,7.80,0.50,4.70
2625.56,0.50,33.30,15.48,36268.00,23.35,83.88,2.71,10.32,87.60,7.30,6.10,5.00
1300.80,0.50,47.50,26.08,46068.00,43.86,91.99,6.43,18.03,93.00,2.00,5.40,4.70
2764.25,0.00,53.90,23.83,46107.00,46.04,90.22,3.87,21.27,98.10,0.70,1.20,1.10
483.04,1.00,36.50,22.74,25379.00,12.84,77.54,4.29,4.97,65.20,2.60,0.80,40.30
1233.66,0.50,34.70,20.40,25693.00,14.88,74.90,4.35,4.49,85.40,2.50,1.40,16.10
22671.38,0.50,36.90,18.15,40932.00,33.80,80.78,2.42,14.57,45.10,25.90,15.20,21.10
4204.64,1.00,29.10,13.25,26290.00,11.61,71.20,1.72,4.65,41.70,29.30,2.00,39.50
796.95,1.00,39.30,23.89,26952.00,13.92,79.42,2.36,5.61,70.60,26.70,2.40,6.50
1143.02,0.50,38.40,21.07,26965.00,16.68,79.15,2.62,6.48,64.40,27.50,1.00,16.10
393.26,0.00,26.90,17.14,40956.00,18.57,73.21,8.93,6.43,70.70,1.10,0.00,31.40
2191.07,0.00,30.70,7.17,45921.00,25.79,93.11,6.15,9.78,97.10,0.00,0.00,4.30
3757.27,1.00,36.30,17.66,25708.00,14.33,78.11,1.48,5.92,43.30,52.60,3.00,10.30
1062.87,0.50,37.10,21.47,27283.00,9.61,82.90,2.51,3.82,94.40,6.70,1.80,4.80
667.70,0.50,32.50,17.14,31840.00,17.37,84.39,2.83,7.57,86.20,4.60,1.50,27.00
783.66,0.50,34.90,20.77,27934.00,8.89,80.52,2.97,2.79,87.20,6.10,1.20,15.70
3687.90,0.50,37.60,16.29,40331.00,46.11,93.05,2.50,21.44,82.10,7.40,10.40,11.60
3108.90,1.00,36.00,17.00,26252.00,14.18,84.82,1.61,6.72,92.10,1.70,3.50,14.60
1850.33,1.00,38.70,20.25,26759.00,11.13,87.80,3.31,4.31,63.80,37.50,0.40,2.40
2455.48,0.00,37.60,20.40,25995.00,16.68,83.60,2.68,6.09,86.90,8.30,5.80,6.50
11209.30,1.00,30.40,9.45,20856.00,6.40,62.99,0.86,3.31,57.30,16.40,1.90,36.40
1897.54,0.00,35.60,19.81,33825.00,44.02,92.24,3.70,18.70,87.20,9.80,2.40,10.00
111.97,0.00,53.60,35.29,20393.00,33.70,87.49,6.67,12.45,75.10,20.80,2.50,4.50
1156.51,1.00,36.60,22.24,25651.00,17.27,82.91,3.12,4.81,15.90,81.70,2.40,0.00
987.62,0.00,49.50,41.36,32132.00,6.69,77.72,1.81,1.95,99.30,0.30,0.70,0.30
1157.32,0.00,36.70,20.86,31250.00,17.34,87.56,6.27,5.67,96.70,1.80,0.00,2.90
194.96,0.00,48.40,22.47,36658.00,34.33,88.18,3.01,16.79,92.20,6.70,1.90,1.90
224.81,0.50,45.80,25.08,30057.00,8.31,83.54,0.94,4.08,98.20,1.80,0.00,0.80
1825.30,0.50,32.20,24.15,25787.00,10.98,66.22,3.49,4.26,96.50,0.40,0.00,3.70
2631.88,0.50,33.30,14.16,31594.00,29.24,79.02,1.94,11.92,64.50,25.30,4.00,11.50
1328.83,0.00,27.00,13.74,40329.00,46.00,89.73,5.87,17.20,95.60,0.60,3.20,6.50
240.28,0.50,39.20,26.13,26247.00,15.93,89.03,3.38,6.19,95.80,1.30,1.40,4.70
475.95,0.50,40.00,22.80,30278.00,15.86,81.16,3.80,6.53,99.00,1.80,0.00,5.30
868.15,0.50,43.80,23.75,36360.00,24.02,91.39,4.19,12.30,99.80,0.20,0.00,0.00
1056.46,0.50,42.20,24.62,23069.00,21.22,82.36,2.54,9.16,91.20,9.90,0.50,5.60
2616.24,0.00,21.70,16.86,5330.00,16.52,93.02,2.10,5.10,89.90,6.70,5.20,4.70
2916.24,0.50,34.30,16.30,36572.00,23.48,83.28,2.17,10.76,53.70,15.80,22.50,22.10
7289.54,0.50,35.20,15.92,52385.00,58.90,98.40,2.26,31.65,74.00,9.00,18.90,12.30
2259.07,0.00,45.40,27.60,31128.00,21.72,90.39,3.26,9.83,85.30,15.90,4.30,5.10
742.00,1.00,43.10,28.15,25400.00,11.65,81.01,3.69,4.54,91.10,11.20,0.00,3.90
2115.41,0.00,30.50,15.07,31452.00,42.70,95.99,3.64,22.59,81.60,8.40,10.40,6.90
3744.06,1.00,34.50,15.68,29874.00,13.87,80.88,2.46,4.65,68.70,26.50,1.20,14.40
907.28,0.50,32.70,17.42,38557.00,30.16,87.70,5.97,13.09,95.80,2.30,1.40,6.10
873.28,1.00,39.10,22.26,27275.00,17.35,81.22,5.95,5.75,91.30,1.70,0.00,15.40
140.56,0.00,46.80,26.00,25909.00,12.83,79.04,5.48,4.43,60.00,39.70,0.00,0.30
143.59,0.00,46.20,21.70,29737.00,9.44,79.96,4.23,2.56,87.90,9.90,0.30,8.10
598.77,0.50,38.10,15.90,32451.00,17.80,81.80,5.68,3.19,67.10,30.70,1.00,5.40
244.28,1.00,41.80,21.00,28056.00,14.15,81.59,5.09,5.02,48.80,50.70,0.50,0.00
1.93,0.00,29.10,9.90,53750.00,8.70,78.99,2.90,4.35,47.80,1.00,24.10,72.50
79.67,1.00,23.50,2.60,19821.00,2.51,77.82,2.51,0.00,3.60,0.00,0.00,99.00
34.38,0.00,44.10,15.10,31058.00,29.66,91.48,2.63,12.04,75.10,0.70,9.90,31.90
4.17,1.00,30.70,12.70,26750.00,13.50,89.50,1.50,4.00,54.10,2.10,0.00,82.00
46.42,1.00,26.00,5.90,15000.00,1.87,82.24,0.00,1.87,6.50,0.00,0.00,106.50
373.01,0.50,36.60,18.90,26807.00,14.31,79.42,2.60,6.02,77.00,5.20,2.90,26.50
2890.11,0.50,35.80,16.40,30763.00,23.68,87.86,3.80,9.74,85.80,5.00,3.00,13.30
692.67,1.00,28.60,7.20,16355.00,6.25,49.31,1.59,2.42,75.70,0.50,0.00,24.60
803.38,1.00,41.50,20.30,22091.00,14.98,82.95,3.12,5.93,77.90,20.00,1.50,8.30
295.58,0.50,32.00,16.30,24938.00,5.69,73.35,0.00,4.19,81.40,21.40,2.60,5.40
686.05,0.00,31.60,7.00,35976.00,25.07,79.87,2.68,10.81,90.70,1.70,3.80,8.90
521.81,1.00,35.00,15.40,21754.00,7.24,75.13,1.12,3.67,98.10,1.10,0.90,0.90
2524.88,1.00,32.90,11.60,32440.00,15.30,78.34,2.55,6.07,78.00,7.20,6.30,18.30
5856.67,0.50,36.50,11.50,39787.00,34.27,85.04,2.06,14.88,74.80,2.50,10.70,20.20
2325.97,0.50,42.50,15.50,53018.00,34.80,91.20,2.07,16.03,80.70,5.00,11.80,15.30
1878.25,0.50,43.80,18.30,49199.00,40.40,87.83,2.53,20.07,86.40,1.80,11.80,8.40
1576.67,1.00,37.50,17.50,25914.00,17.02,87.42,2.03,8.60,78.70,3.90,1.70,24.80
1032.15,1.00,27.90,10.50,17364.00,17.56,83.18,2.48,8.18,88.40,3.00,2.20,14.40
8605.82,0.50,30.40,3.90,31422.00,39.59,89.18,1.73,16.50,74.40,9.50,7.40,17.00
1375.15,1.00,25.60,9.40,15498.00,28.58,94.91,3.44,11.99,97.50,2.00,0.30,3.00
713.12,0.50,44.60,18.60,38772.00,20.23,85.72,3.92,7.61,91.00,5.20,3.10,6.20
2909.33,1.00,34.80,12.40,30570.00,13.34,83.04,1.34,5.66,64.80,24.20,3.30,17.70
5973.63,1.00,33.80,10.70,26664.00,14.84,75.34,1.48,5.81,43.20,38.40,4.30,24.00
1832.23,0.50,40.20,15.80,42415.00,23.32,85.73,2.79,8.22,87.20,7.30,3.00,10.60
1374.04,0.00,49.50,19.30,39067.00,27.35,90.74,5.25,7.28,68.70,30.00,2.30,7.20
723.48,0.50,38.80,13.90,35866.00,5.38,86.92,0.00,3.85,100.00,0.00,0.00,2.40
3235.18,0.00,24.50,12.80,13794.00,28.74,95.84,3.73,15.00,80.70,10.10,9.40,5.60
681.68,1.00,37.30,14.50,32191.00,11.94,83.18,1.73,6.91,86.10,14.40,0.00,4.30
1.48,0.50,64.30,48.30,32875.00,43.52,94.25,12.35,14.30,94.60,0.00,0.20,5.20
1570.86,0.00,45.20,23.90,32246.00,28.66,89.87,5.83,10.80,80.90,12.70,6.90,6.50
66.90,1.00,28.90,6.50,21850.00,12.86,50.21,0.47,4.37,72.20,8.70,0.00,19.10
777.74,0.00,48.70,24.50,35824.00,24.96,90.29,3.99,9.37,91.40,5.40,3.20,2.70
830.26,0.00,39.40,8.80,18380.00,3.93,72.16,0.78,1.29,33.60,66.70,0.00,0.50
416.71,0.00,42.30,13.30,32500.00,8.41,68.22,4.36,1.56,100.00,0.00,0.00,0.00
255.74,1.00,50.60,28.40,25132.00,9.33,59.98,3.97,3.27,59.00,42.00,0.00,1.40
1131.09,0.00,42.60,19.80,44438.00,38.45,90.16,6.06,18.03,54.70,32.00,8.30,8.60
4666.20,0.00,33.50,7.70,51670.00,34.30,92.15,3.16,15.35,52.60,8.70,54.50,52.10
3705.56,0.50,37.20,14.80,30581.00,16.40,82.01,2.46,5.58,14.00,1.50,88.10,41.80
6148.95,0.00,37.20,15.30,32375.00,14.18,84.59,1.87,6.12,31.20,2.40,77.00,59.90
246.91,0.00,35.70,11.20,41083.00,28.32,91.68,2.55,11.41,66.00,0.00,39.60,45.90
23.94,0.00,49.00,22.20,41581.00,37.82,95.61,5.23,18.41,79.70,1.60,28.20,39.80
520.37,0.50,45.10,4510.00,15069.00,8.36,87.19,2.49,4.63,99.90,0.00,0.00,0.10
1011.61,0.00,38.50,18.50,26019.00,6.80,81.63,4.76,0.34,91.10,0.00,0.00,12.50
1484.33,0.50,41.00,18.20,30565.00,9.62,81.01,2.87,3.47,95.60,0.60,0.80,10.50
706.12,0.00,49.30,26.10,30500.00,6.74,88.76,1.12,1.87,94.60,0.00,0.60,7.80
1286.78,1.00,46.60,27.00,31426.00,20.54,87.95,6.54,7.12,97.30,1.50,1.60,1.10
213.22,0.50,35.00,15.80,20927.00,12.96,75.83,5.37,3.31,29.80,72.10,0.00,8.70
1057.25,0.50,44.60,24.10,30791.00,17.00,88.92,3.14,6.83,99.60,0.00,1.70,3.10
640.57,0.00,46.10,20.70,33750.00,19.00,87.20,5.82,6.97,99.10,0.00,0.00,5.70
1060.25,1.00,37.80,17.50,22544.00,12.75,82.32,2.95,4.31,82.10,17.80,1.50,6.70
1081.50,0.00,29.20,17.50,21807.00,15.01,85.78,3.82,4.58,98.50,1.10,1.80,4.70
1050.85,1.00,36.60,15.70,30735.00,13.86,84.66,2.88,4.96,95.70,4.10,0.40,3.60
1131.35,0.50,41.70,19.40,29208.00,16.98,25.51,2.21,6.97,94.00,4.20,1.60,2.70
908.51,0.00,47.10,25.20,31059.00,21.32,85.92,5.89,6.31,97.10,3.20,0.70,4.00
591.39,0.00,34.20,17.70,39432.00,12.67,89.38,2.40,6.51,99.30,3.90,0.50,3.70
332.22,0.50,31.80,8.90,42500.00,22.51,93.94,4.33,12.55,99.70,1.70,0.30,1.70
1344.00,1.00,44.90,15.40,28750.00,8.70,89.23,1.24,4.14,97.50,0.00,0.50,5.40
230.44,0.00,38.70,10.90,40298.00,8.82,92.02,2.10,2.52,100.00,0.00,0.00,0.00
456.35,1.00,53.50,17.20,31250.00,9.76,95.12,0.00,1.22,100.00,0.00,0.00,0.00
618.26,0.00,32.20,11.40,44602.00,33.41,93.46,6.30,18.04,99.20,0.00,0.20,1.60
181.50,0.50,38.50,20.40,27083.00,22.82,84.22,8.50,9.47,85.70,0.00,0.00,15.10
1029.24,0.50,39.60,18.00,25375.00,16.84,83.36,6.57,4.50,97.90,2.60,0.80,9.30
182.04,0.00,26.50,3.30,19688.00,1.56,65.63,0.00,1.56,100.00,0.00,0.00,0.00
0.32,0.00,27.90,23.00,28750.00,0.93,81.48,0.00,0.00,96.00,0.00,0.00,4.00
357.14,0.50,43.80,24.60,23750.00,15.73,80.93,5.87,7.60,98.10,1.90,0.00,3.40
732.32,0.00,43.50,19.20,22325.00,9.70,81.42,1.10,3.42,94.20,4.90,0.00,4.20
1193.80,1.00,28.80,12.20,20359.00,19.05,84.84,3.34,6.45,52.40,46.10,2.00,2.10
1273.21,0.50,35.80,11.80,23400.00,14.72,86.35,3.14,4.43,15.10,84.00,0.60,1.10
1267.15,0.50,35.40,14.60,26201.00,25.72,89.55,5.07,8.05,48.20,50.50,2.20,4.60
1896.63,0.00,37.70,15.20,34388.00,10.09,75.03,2.67,2.99,60.00,38.90,1.90,11.00
991.79,0.00,40.70,20.00,22271.00,22.48,89.79,3.37,8.15,94.00,3.10,3.50,4.10
298.56,0.00,41.70,17.00,34412.00,32.84,91.07,4.61,14.98,98.00,2.30,1.30,2.70
394.82,0.50,40.80,22.20,26426.00,27.75,91.19,3.39,8.76,97.60,1.50,1.40,4.50
281.88,0.00,39.70,16.80,32964.00,25.06,88.08,3.46,11.34,96.00,2.60,2.00,12.80
3949.04,1.00,36.70,16.00,45058.00,26.42,88.17,2.94,8.10,8.40,88.90,0.80,8.10
4169.90,0.50,35.00,9.10,45415.00,38.71,86.65,3.31,19.30,33.50,53.40,8.30,12.70
3944.43,0.50,37.90,16.80,55788.00,60.39,94.20,3.76,35.87,59.90,12.80,23.80,13.90
6604.78,1.00,38.60,11.20,42187.00,52.31,87.80,2.37,25.10,52.80,38.00,7.10,12.60
3991.31,0.50,34.90,13.30,31945.00,25.92,87.56,1.98,14.19,72.70,15.60,8.30,12.30
1927.57,0.50,40.20,17.50,32314.00,15.87,82.23,1.83,7.43,88.00,5.60,2.70,8.30
843.12,1.00,43.70,19.10,31756.00,24.69,87.32,3.40,11.01,89.90,7.60,2.20,6.80
1289.16,0.50,40.90,14.90,43584.00,28.48,86.27,3.13,12.96,90.10,4.40,5.10,4.60
1241.98,1.00,30.90,16.30,18953.00,15.08,94.29,4.70,4.35,95.30,3.70,0.30,2.90
1548.71,0.50,21.80,8.10,7355.00,21.72,96.44,2.06,13.62,84.80,3.70,11.20,5.20
1121.16,0.50,37.10,11.00,37422.00,16.74,85.42,3.99,5.26,92.90,5.20,0.20,4.50
4750.11,0.00,41.10,17.90,47014.00,33.78,92.39,3.99,15.55,94.90,2.00,2.50,4.40
253.25,0.50,56.30,32.40,31771.00,8.53,87.60,1.55,3.88,100.00,0.00,0.00,0.00
84.92,0.00,35.90,10.80,38500.00,14.95,91.59,2.80,8.41,100.00,0.00,0.00,5.00
1351.11,1.00,52.50,13.20,25625.00,1.05,93.68,0.00,1.05,100.00,0.00,0.00,0.00
188.40,1.00,30.00,8.20,12386.00,6.87,79.39,0.00,6.87,88.00,8.90,0.00,18.40
635.69,1.00,33.90,13.50,31209.00,11.76,75.18,1.36,6.11,20.00,80.00,0.10,0.10
713.97,1.00,39.20,18.30,22038.00,12.08,79.28,1.22,4.51,28.30,67.10,2.40,2.60
864.32,1.00,32.90,14.30,20665.00,17.19,73.11,5.57,3.97,17.30,81.20,0.10,2.20
806.71,1.00,27.00,10.80,18415.00,32.04,91.01,4.69,16.34,58.60,38.00,4.40,3.50
781.59,0.00,35.50,22.90,28750.00,9.44,81.27,3.07,2.78,98.90,1.30,1.10,4.30
1606.10,0.00,36.10,10.40,33092.00,17.08,87.48,1.52,11.95,98.50,2.10,0.30,4.20
586.36,1.00,37.30,20.20,21071.00,6.48,86.45,1.77,2.50,97.50,1.30,0.00,6.20
200.48,0.00,59.50,22.00,28750.00,17.31,73.08,13.46,3.85,100.00,0.00,10.20,10.20
532.61,0.00,41.60,23.90,24185.00,15.65,93.33,5.31,4.08,98.50,2.00,0.90,2.50
1435.63,0.50,43.40,24.50,31265.00,14.60,81.31,7.52,1.33,96.70,0.00,0.00,4.70
242.65,0.00,64.70,46.10,14861.00,12.50,92.50,6.25,3.75,100.00,0.00,0.00,0.00
810.33,0.50,37.10,22.00,19811.00,25.11,90.19,3.44,12.10,78.70,1.80,0.80,30.00
1063.09,0.50,43.70,21.40,33603.00,19.13,85.04,4.73,6.94,98.60,0.20,0.60,5.40
1816.84,0.00,31.50,13.10,26033.00,27.81,91.87,6.39,9.43,93.70,2.30,2.60,6.50
977.60,0.00,40.60,23.10,31409.00,17.08,90.59,4.71,7.82,96.20,0.40,0.30,11.70
521.75,0.00,52.50,30.80,24792.00,14.25,92.52,5.14,4.44,98.60,1.40,0.00,0.00
1088.90,0.00,39.30,23.40,32684.00,16.25,86.57,8.24,2.71,93.90,3.20,0.90,4.40
162.84,1.00,38.90,9.40,42500.00,4.12,89.00,0.47,2.47,89.70,2.70,1.10,7.80
477.71,0.50,60.20,40.70,26378.00,21.74,85.26,5.57,8.01,88.60,1.10,3.30,10.90
81.74,1.00,38.90,20.80,27568.00,11.88,72.26,1.66,8.26,70.00,1.70,0.50,29.50
63.46,0.50,52.80,30.40,34300.00,27.49,91.95,4.86,14.42,95.60,0.60,3.50,8.80
972.20,0.50,39.20,13.40,35530.00,22.67,88.53,2.32,10.47,87.20,3.70,9.90,6.40
239.27,0.00,41.20,16.90,33348.00,17.44,87.16,3.21,6.87,97.10,2.90,1.00,1.10
244.81,0.00,45.90,19.30,31057.00,15.75,89.60,3.64,5.35,98.30,1.00,1.00,1.80
1115.64,0.00,40.30,18.10,44391.00,49.97,92.42,3.89,21.58,91.60,3.70,5.90,5.60
2463.87,1.00,43.40,12.80,33050.00,17.21,86.80,1.82,7.11,70.60,31.50,1.40,23.30
3397.87,0.50,37.80,17.10,48131.00,33.58,90.78,4.70,15.53,81.90,13.80,4.70,2.90
3877.58,1.00,37.10,15.10,30635.00,24.72,80.82,3.39,11.07,69.60,16.50,3.00,16.40
11677.78,0.00,36.20,11.20,38359.00,17.06,83.96,2.14,6.67,86.50,5.70,3.50,11.10
621.56,1.00,34.40,19.50,16477.00,11.59,65.80,3.28,3.71,90.10,2.20,1.00,7.50
229.00,0.00,35.20,14.90,29023.00,9.70,79.46,1.32,4.47,93.10,0.00,0.00,14.30
714.73,0.50,39.80,16.90,33677.00,25.70,92.37,3.37,10.33,84.20,4.00,3.10,18.30
388.22,0.50,40.50,22.60,17350.00,10.48,80.12,2.06,4.60,88.10,2.80,1.50,9.80
2266.77,0.00,39.20,19.60,28882.00,20.31,87.10,4.44,6.78,91.40,7.90,1.10,7.20
1378.01,0.50,38.50,17.70,30397.00,21.35,88.17,4.73,8.84,92.90,5.80,2.00,5.10
952.13,1.00,43.30,19.50,22500.00,23.01,87.58,5.16,9.21,97.80,1.10,0.90,0.60
2620.94,0.00,29.40,16.00,22025.00,20.55,89.01,4.76,8.74,89.70,5.60,3.90,6.00
903.54,0.50,42.30,22.00,22097.00,18.34,77.69,4.11,6.46,53.10,43.30,1.80,11.50
1126.21,1.00,42.70,21.60,22813.00,14.80,80.31,3.10,4.64,51.60,43.00,0.20,7.40
1880.83,0.50,34.10,12.20,34857.00,43.21,91.84,3.69,23.51,50.70,41.00,6.30,8.00
849.56,0.50,23.30,4.70,25301.00,10.69,94.06,1.40,4.23,72.40,22.60,4.20,13.40
180.00,0.00,27.90,12.30,31250.00,12.78,92.22,5.56,6.11,100.00,0.00,0.00,0.00
962.78,0.00,42.70,9.00,44659.00,11.56,85.55,1.16,3.47,100.00,0.00,0.00,2.60
603.02,0.00,30.70,8.30,48750.00,12.26,89.62,0.94,4.25,97.90,0.00,1.00,4.10
1932.63,1.00,35.10,17.70,20734.00,14.24,85.79,2.89,5.87,89.80,10.90,1.50,6.10
1559.61,0.50,38.70,17.40,27945.00,13.38,85.98,3.64,4.50,95.30,1.00,0.10,5.90
340.48,0.00,49.50,21.80,46766.00,37.01,90.40,6.22,14.21,98.40,1.10,2.10,3.30
1050.30,0.50,40.20,20.00,30685.00,14.09,88.19,3.34,5.59,95.70,2.10,0.30,6.40
700.10,0.50,31.60,14.60,26463.00,23.54,85.94,5.49,8.55,82.30,6.00,2.80,44.20
448.75,0.50,37.30,16.20,31652.00,12.35,82.93,3.60,5.34,85.40,5.90,0.40,56.60
184.03,1.00,34.60,12.30,25753.00,11.66,82.39,2.30,4.05,72.60,7.30,1.00,31.30
976.52,1.00,41.20,22.60,26573.00,11.23,81.42,3.41,3.84,92.60,0.50,0.00,22.10
2355.32,1.00,36.80,15.30,31879.00,23.16,87.93,3.43,11.12,92.00,1.80,2.70,12.50
3638.75,0.50,36.60,13.50,29525.00,17.61,82.56,3.02,8.26,84.10,7.60,6.00,14.90
823.71,1.00,41.20,22.00,26315.00,16.18,83.68,2.57,7.89,92.80,1.90,3.60,16.20
1898.28,1.00,29.10,11.10,20752.00,8.83,85.45,0.83,3.83,38.60,68.00,0.30,17.20
4021.32,1.00,35.80,16.10,24018.00,18.25,84.61,3.52,7.05,77.20,20.10,3.50,7.90
1073.13,0.50,45.00,20.50,26691.00,19.80,81.42,5.42,8.06,97.30,2.50,0.90,2.80
514.71,0.00,42.60,22.40,32250.00,12.58,80.73,5.07,6.49,98.50,1.50,0.00,0.00
6988.06,1.00,30.60,11.70,25786.00,22.78,83.28,1.92,11.00,57.30,18.30,7.40,26.10
2235.34,0.50,38.10,15.10,38487.00,28.93,90.57,3.30,12.10,82.10,8.00,7.20,10.10
4214.23,1.00,37.20,13.70,31149.00,14.38,77.85,1.65,6.19,78.90,11.80,6.70,11.40
424.66,0.50,39.10,17.50,21298.00,8.90,77.69,2.42,1.65,41.30,58.20,0.00,3.30
602.89,1.00,38.70,14.80,30929.00,17.65,81.97,8.05,5.03,84.50,13.20,1.80,2.30
693.38,0.00,56.20,30.60,47094.00,65.93,97.85,6.89,30.67,97.10,0.30,3.60,4.70
1176.48,1.00,29.90,14.00,18075.00,19.60,86.66,5.21,7.64,23.00,75.80,0.60,5.40
251.37,0.00,50.30,27.10,20795.00,16.39,80.87,7.65,5.19,55.80,0.20,0.00,54.20
895.64,0.00,50.80,32.60,26250.00,28.34,91.82,5.99,8.38,93.20,0.00,0.00,11.00
253.91,1.00,26.70,10.70,30625.00,10.82,90.21,2.58,5.67,92.10,0.00,0.00,7.90
150.21,0.00,40.60,19.40,30398.00,12.28,84.27,1.94,3.23,99.10,0.20,0.70,8.00
439.93,0.00,44.20,18.60,71133.00,73.15,95.14,6.88,27.19,96.30,0.60,2.60,1.30
1027.68,1.00,31.50,7.20,32019.00,17.15,80.80,2.49,6.96,68.00,24.50,2.70,11.10
776.41,1.00,30.00,14.70,23011.00,22.20,87.75,4.16,9.74,92.50,5.00,2.50,4.70
851.52,0.50,33.10,12.20,24819.00,9.62,75.26,2.44,3.29,75.20,18.00,0.10,16.30
1407.43,1.00,32.70,13.20,26912.00,13.77,71.32,3.14,6.21,68.20,15.70,0.70,22.30
472.55,1.00,29.80,14.60,24423.00,6.35,76.56,3.07,1.13,90.50,1.70,0.00,7.80
299.37,0.50,36.10,14.90,29500.00,6.78,78.39,1.20,1.91,84.90,12.50,0.60,6.20
935.59,0.50,33.40,14.90,32150.00,7.03,60.68,3.12,2.13,92.50,6.00,0.00,7.50
1022.69,0.00,31.40,7.90,39737.00,21.84,87.20,3.22,9.53,89.00,0.50,4.90,13.00
456.62,0.50,33.70,11.70,25804.00,12.54,88.74,2.25,3.62,99.00,0.00,0.10,0.80
184.78,0.50,30.40,8.60,38333.00,20.21,86.99,2.99,8.28,95.30,0.60,2.30,6.20
912.69,0.00,31.80,13.20,25894.00,14.50,85.97,2.85,5.73,95.80,0.10,0.30,11.00
89.22,0.50,35.10,12.60,34852.00,27.57,89.57,3.13,10.34,92.80,4.60,1.50,11.50
1767.34,0.50,41.40,18.20,33750.00,21.01,84.02,3.26,7.51,98.60,1.70,0.50,2.50
2439.90,0.00,27.10,11.70,19596.00,30.77,91.60,2.24,15.78,87.40,6.50,7.30,4.40
4145.31,0.50,31.90,11.10,31236.00,27.63,80.00,1.00,15.60,80.10,3.60,15.10,4.20
1780.43,1.00,40.30,20.50,31674.00,20.36,88.38,4.28,7.93,79.00,16.40,4.60,6.40
600.23,1.00,38.40,16.30,24857.00,11.64,74.04,1.79,3.63,29.40,72.70,0.30,7.00
2089.50,1.00,30.70,11.20,27410.00,21.20,86.47,2.13,9.86,50.30,44.20,4.80,9.70
1116.35,1.00,38.70,16.40,26245.00,15.49,80.09,2.60,5.81,19.00,78.40,1.40,5.20
1044.47,1.00,35.90,12.10,26217.00,7.95,78.73,0.96,3.70,89.30,2.60,1.90,16.00
299.89,0.50,52.90,33.30,37500.00,10.86,91.29,5.05,2.65,78.50,0.00,0.60,26.80
1730.19,1.00,37.50,19.60,24804.00,12.73,81.68,2.67,5.33,95.60,1.00,2.40,13.50
2685.91,1.00,22.00,5.50,10013.00,27.91,96.48,1.62,18.13,81.40,4.80,14.90,11.20
1023.35,0.50,49.60,25.10,17593.00,11.53,85.08,3.28,5.50,97.80,3.10,2.70,3.60
1834.00,1.00,51.20,25.40,27419.00,2.51,86.37,0.00,0.00,100.00,0.00,0.00,2.40
2684.08,1.00,24.60,10.00,14094.00,27.95,94.72,3.14,14.25,90.20,6.10,5.00,4.70
1337.02,0.00,50.10,27.30,38090.00,31.65,91.32,7.44,13.39,99.20,0.80,0.00,0.80
1162.54,0.00,35.60,16.60,39675.00,21.31,93.09,3.74,9.36,99.30,1.30,0.00,3.40
1591.74,0.00,37.80,14.20,35823.00,19.96,89.07,4.34,6.99,99.10,1.10,0.40,3.10
719.82,0.00,38.10,19.10,29815.00,12.70,89.74,2.95,4.98,97.80,3.20,0.00,2.30
885.48,0.50,37.00,15.60,31312.00,12.89,86.02,3.40,4.71,92.20,7.60,0.60,7.10
1122.20,0.00,37.60,18.50,33745.00,25.58,92.04,5.20,11.52,96.70,1.50,1.00,5.40
785.63,0.50,45.30,20.80,40876.00,29.07,95.03,10.68,14.22,90.90,1.20,0.00,10.00
846.95,0.50,37.00,16.10,28652.00,16.30,86.04,3.07,6.80,84.00,1.20,0.20,23.00
873.28,1.00,39.10,17.20,27275.00,17.35,81.22,5.95,5.75,91.30,1.70,0.00,15.40
